{
	"pages": [ //pages数组中第一项表示应用启动页，参考：https://uniapp.dcloud.io/collocation/pages
		{
			"path": "pages/index/index",
			"style": {
				"navigationBarTitleText": "首页"
			}
		},
		{
			"path": "pages/search/index",
			"style": {
				// "navigationBarTitleText": "杨阳阳的小说搜索结果"
				"navigationBarTitleText": "搜索"
			}
		},
		// {
		// 	"path": "pages/catalog/index",
		// 	"style": {
		// 		"navigationBarTitleText": "目录"
		// 	}
		// },
		{
			"path": "pages/brief/index",
			"style": {
				"navigationBarTitleText": "简介"
			}
		},
		{
			"path": "pages/look/index",
			"style": {
				"navigationBarTitleText": "内容",
				 "app-plus": {"titleNView": false} 
			}
		},
		{
            "path" : "pages/error/index",
            "style": {
            	"navigationBarTitleText": "错误",
            	 "app-plus": {"titleNView": false} 
            }
        }
    ],
	"globalStyle": {
		"navigationBarTextStyle": "black",
		"navigationBarTitleText": "内容",
		"navigationBarBackgroundColor": "#F8F8F8",
		"backgroundColor": "#F8F8F8"
	}
}
